<?xml version='1.0' encoding='UTF-8'?>
<system creation-date="2023-04-27 17:08:29.959000" desc="" enable="False" id="E31CE8E0-D4DA-49B7-A875-7ACA9CF7727E" last-modified-date="" name="Controller1"><applications><application name="RobotWare" version="6.15.2027"><settings><system-xml path="C:\Users\sesha\OneDrive\Documents\RobotStudio\Projects\Material_Handling_Number_38\Virtual Controllers\Controller1\system.xml" /><key-id path="C:\Users\sesha\OneDrive\Documents\RobotStudio\Projects\Material_Handling_Number_38\Virtual Controllers\Controller1\INTERNAL\key.id" /><setting-file path="C:\Users\sesha\OneDrive\Documents\RobotStudio\Projects\Material_Handling_Number_38\Virtual Controllers\Controller1\INTERNAL\controller.rsf" /></settings></application></applications></system>